{
   "14": {
      "id_employee": "4",
      "id_project": "2",
      "week": [
         "0",
         "0",
         "0",
         "0"
      ]
   },
   "20": {
      "id_employee": "2",
      "id_project": "5",
      "week": [
         "0",
         "0",
         "0",
         "0"
      ]
   },
   "22": {
      "id_employee": "2",
      "id_project": "3",
      "week": [
         "0",
         "0",
         "0",
         "0"
      ]
   },
   "23": {
      "id_employee": "3",
      "id_project": "3",
      "week": [
         "0",
         "0",
         "0",
         "0"
      ]
   },
   "26": {
      "id_employee": "1",
      "id_project": "5",
      "week": [
         "0",
         "0",
         "0",
         "0"
      ]
   },
   "27": {
      "id_employee": "3",
      "id_project": "5",
      "week": [
         "0",
         "0",
         "0",
         "0"
      ]
   },
   "28": {
      "id_employee": "1",
      "id_project": "3",
      "week": [
         "0",
         "0",
         "0",
         "0"
      ]
   },
   "29": {
      "id_employee": "4",
      "id_project": "3",
      "week": [
         "0",
         "0",
         "0",
         "0"
      ]
   },
   "30": {
      "id_employee": "1",
      "id_project": "6",
      "week": [
         "0",
         "0",
         "0",
         "0",
         "0",
         "0",
         "0",
         "0"
      ]
   },
   "31": {
      "id_employee": "2",
      "id_project": "6",
      "week": [
         "0",
         "0",
         "0",
         "0",
         "0",
         "0",
         "0",
         "0"
      ]
   },
   "33": {
      "id_employee": "1",
      "id_project": "1",
      "week": [
         "0",
         "0",
         "0",
         "0"
      ]
   }
}