{
   "10000000": {
      "label": "Ericson",
      "id_contact": "1",
      "location": "Duesseldorf"
   },
   "10000001": {
      "label": "Panasonic",
      "id_contact": "2",
      "location": "Duesseldorf"
   },
   "10000002": {
      "label": "Foxconn",
      "id_contact": "2",
      "location": "Taiwan"
   },
   "10000003": {
      "label": "Honda",
      "id_contact": "2",
      "location": "Japan"
   },
   "10000004": {
      "label": "SAIC Motor",
      "id_contact": "3",
      "location": "China"
   },
   "10000005": {
      "label": "General Electric",
      "id_contact": "3",
      "location": "US"
   },
   "10000006": {
      "label": "Emerald Health",
      "id_contact": "3",
      "location": "US"
   },
   "10000007": {
      "label": "8-Bit",
      "id_contact": "3",
      "location": "Japan"
   },
   "10000008": {
      "label": "Elkem",
      "id_contact": "5",
      "location": "Norway"
   },
   "10000009": {
      "label": "Imagin",
      "id_contact": "5",
      "location": "Japan"
   },
   "10000010": {
      "label": "Alterra Coffee Roasters",
      "id_contact": "5",
      "location": "US"
   },
   "10000011": {
      "label": "Baristas",
      "id_contact": "3",
      "location": "US"
   },
   "10000012": {
      "label": "Foxtel",
      "id_contact": "1",
      "location": "Australia"
   },
   "10000013": {
      "label": "Pacific Andres",
      "id_contact": "1",
      "location": "Hong Kong"
   },
   "10000014": {
      "label": "Havfisk",
      "id_contact": "2",
      "location": "Norway"
   },
   "10000015": {
      "label": "Bacardi",
      "id_contact": "3",
      "location": "Puerto Rico"
   },
   "10000016": {
      "label": "HealthStar",
      "id_contact": "4",
      "location": "US"
   }
}