{
   "1": {
      "first_name": "Jim",
      "last_name": "Milten",
      "position": "C++ Senior Programmer",
      "support": true,
      "key": "1"
   },
   "2": {
      "first_name": "Nate",
      "last_name": "Johnson",
      "position": "C# Senior Programmer",
      "support": true
   },
   "3": {
      "first_name": "Mina",
      "last_name": "Nertola",
      "position": "Software Engineer",
      "support": true
   },
   "4": {
      "first_name": "Viktor",
      "last_name": "Banollovich",
      "position": "IT Administrator",
      "support": true
   },
   "5": {
      "first_name": "Maximilian",
      "last_name": "Cancello",
      "position": "Software Engineer",
      "support": true
   },
   "6": {
      "first_name": "Toni",
      "last_name": "Renatto",
      "position": "IT Administrator Assistant",
      "support": false
   },
   "7": {
      "first_name": "Lara",
      "last_name": "Galhaus",
      "position": "Apprentice Programmer",
      "support": false
   },
   "8": {
      "first_name": "Maya",
      "last_name": "Homestand",
      "position": "Apprentice Programmer",
      "support": false
   },
   "9": {
      "first_name": "Jack",
      "last_name": "Knobbex",
      "position": "IT Administrator",
      "support": false
   },
   "10": {
      "first_name": "Milenna",
      "last_name": "Fisher",
      "position": "Web Backend Engineer",
      "support": true
   },
   "11": {
      "first_name": "Michael",
      "last_name": "Hunter",
      "position": "Web Backend Engineer",
      "support": true
   },
   "12": {
      "first_name": "Finn",
      "last_name": "Seller",
      "position": "Web Senior Programmer",
      "support": true
   },
   "13": {
      "first_name": "Natalia",
      "last_name": "Feller",
      "position": "Web Designer",
      "support": false
   },
   "14": {
      "first_name": "Josh",
      "last_name": "Stancer",
      "position": "Web Designer",
      "support": false
   },
   "15": {
      "first_name": "Julia",
      "last_name": "Marx",
      "position": "C# Junior Programmer",
      "support": true
   },
   "16": {
      "first_name": "Tobias",
      "last_name": "Schmitz",
      "position": "IT Administrator",
      "support": false
   },
   "17": {
      "first_name": "Alina",
      "last_name": "Berst",
      "position": "Web Engineer",
      "support": true
   },
   "18": {
      "first_name": "Ben",
      "last_name": "Braun",
      "position": "Apprentice Programmer",
      "support": false
   },
   "19": {
      "first_name": "Lena",
      "last_name": "Granger",
      "position": "Apprentice Administrator",
      "support": false
   },
   "20": {
      "first_name": "Leon",
      "last_name": "Firewood",
      "position": "Software Engineer",
      "support": true
   }
}